Ticker_Yahoo,,,
AAL,,,
AAPL,,,
ABNB,,,
ADBE,,,
ADI,,,
ADSK,,,
AKAM,,,
ALAB,,,
ALNY,,,
AMAT,,,
AMD,,,
AMGN,,,
AMZN,,,
APP,,,
ARM,,,
ASTS,,,
AVGO,,,
AXON,,,
AZN,,,
BKNG,,,
BKR,,,
CDNS,,,
CEG,,,
CIFR,,,
CMCSA,,,
CME,,,
COIN,,,
COST,,,
CRDO,,,
CRWD,,,
CRWV,,,
CSCO,,,
CSX,,,
CTAS,,,
CTSH,,,
DDOG,,,
DXCM,,,
EBAY,,,
ECHO,,,
EQIX,,,
EXPE,,,
FISV,,,
FLEX,,,
FSLR,,,
FTNT,,,
GILD,,,
GOOG,,,
GOOGL,,,
HBAN,,,
HON,,,
HONA,,,
HOOD,,,
IBKR,,,
INTC,,,
INTU,,,
ISRG,,,
KLAC,,,
LITE,,,
LRCX,,,
MAR,,,
MARA,,,
MCHP,,,
MDB,,,
MDLZ,,,
MELI,,,
META,,,
MKSI,,,
MNST,,,
MPWR,,,
MSFT,,,
MSTR,,,
MU,,,
NBIS,,,
NFLX,,,
NTAP,,,
NVDA,,,
NXPI,,,
ON,,,
ORLY,,,
PANW,,,
PCAR,,,
PDD,,,
PEP,,,
PLTR,,,
PYPL,,,
QCOM,,,
REGN,,,
RIOT,,,
RKLB,,,
ROST,,,
SBUX,,,
SHOP,,,
SMCI,,,
SNPS,,,
SOFI,,,
STX,,,
TEAM,,,
TMUS,,,
TSEM,,,
TSLA,,,
TTD,,,
TTWO,,,
TXN,,,
UAL,,,
VRTX,,,
WBD,,,
WDAY,,,
WDC,,,
WMT,,,
WULF,,,
ABBV,,,
ABT,,,
ACN,,,
AEM,,,
AEP,,,
ALL,,,
AMT,,,
ANET,,,
AON,,,
APH,,,
AXP,,,
AZO,,,
BA,,,
BABA,,,
BAC,,,
BE,,,
BLK,,,
BMNR,,,
BMY,,,
BNY,,,
BSX,,,
BX,,,
C,,,
CAH,,,
CARR,,,
CAT,,,
CB,,,
CDE,,,
CI,,,
CIEN,,,
CLS,,,
CMG,,,
CMI,,,
COF,,,
COHR,,,
COP,,,
COR,,,
CRCL,,,
CRM,,,
CVNA,,,
CVS,,,
CVX,,,
DAL,,,
DASH,,,
DE,,,
DHR,,,
DIS,,,
DLR,,,
DOCN,,,
DUK,,,
DVN,,,
EMR,,,
F,,,
FCX,,,
FDX,,,
FIX,,,
GE,,,
GEV,,,
GLW,,,
GM,,,
GS,,,
HCA,,,
HD,,,
HIMS,,,
HL,,,
HLT,,,
HPE,,,
HUBS,,,
HUM,,,
HWM,,,
IBM,,,
ICE,,,
IONQ,,,
JNJ,,,
JPM,,,
KO,,,
LHX,,,
LLY,,,
LMT,,,
LNG,,,
LOW,,,
MA,,,
MCD,,,
MCK,,,
MDT,,,
MMM,,,
MO,,,
MPC,,,
MRK,,,
MRSH,,,
MS,,,
MSCI,,,
MTZ,,,
NEE,,,
NEM,,,
NET,,,
NKE,,,
NOC,,,
NOK,,,
NSC,,,
NU,,,
NVO,,,
ORCL,,,
PATH,,,
PCG,,,
PFE,,,
PG,,,
PGR,,,
PH,,,
PLD,,,
PM,,,
PSX,,,
PWR,,,
RBLX,,,
RCL,,,
RDDT,,,
RTX,,,
SAP,,,
SCHW,,,
SE,,,
SHW,,,
SLB,,,
SNOW,,,
SO,,,
SPGI,,,
SPOT,,,
STM,,,
SYK,,,
T,,,
TDG,,,
TER,,,
TGT,,,
TJX,,,
TMO,,,
TRV,,,
TSM,,,
TT,,,
TWLO,,,
U,,,
UBER,,,
UNH,,,
UNP,,,
UPS,,,
URI,,,
USB,,,
V,,,
VLO,,,
VRT,,,
VST,,,
VZ,,,
WELL,,,
WFC,,,
WMB,,,
XOM,,,
ZTS,,,
